TIME_PERIOD,GDP,C,G,INV,EXP,IMP,CPI_energy,IP,IP_MFG,PV_C,RT,EMP,UNRATE,HE,ULC,IRST,IRLT,CPI,CPI_core,RHP,PIR,SP,NEER,COM,CA_GDP
1985-Q1,0.8504524571946392,0.8325913107341395,3.4292808119237286,1.221991728548188,-2.117462742643459,-0.4875539838236261,0.3960425702623555,1.5591179887880398,1.5116482286304354,0.6594644814952364,-0.3487691407701254,0.2610626019411297,-0.0893800457591625,0.4392760608407897,-0.9668258885372724,3.5895103119466976,0.2443664111688182,0.8116804020392998,0.958167482592986,0.7883523715359408,0.5247704071027106,0.1285438514640299,-2.0461970388480397,0.8116848377905376,1.0677904099670292
1985-Q2,0.6816499260987451,-0.3271013743794927,-1.6858256006874484,-1.5260054751227194,1.3458121689008182,-1.3321568425482684,1.4286126213119772,2.6830593337987163,1.6719298218128231,-1.3176416304504088,0.7487000657377395,0.1522920968632003,-0.1570603539701536,0.5977480248228537,0.0685406324177379,2.2678476870814865,0.1883356107540135,2.3265711607622226,2.141100547631127,-1.021936645978094,-0.055270428766139,0.1671095992110411,-3.480449362939662,2.326559726302401,-0.6312612817919359
1985-Q3,-0.8895149222053781,0.3378739798435649,-0.3524394768830329,0.7946164281239471,0.3866618428522438,1.6477859802782149,-0.2843182003153718,-0.2695418099119256,-0.6915095882802005,1.9996152398231068,0.898061713922089,0.5676912017834703,-0.580795995243934,0.5143705298141679,-0.0848793606809454,0.540101674797745,0.0776558572756516,1.50283968816835,1.7637390639362454,0.2969109564125498,0.5398161842275295,0.1535607466223244,0.3412158256592876,1.5028266294983652,-1.0510420949164996
1985-Q4,-1.2936761043835148,-0.4539635062663575,0.6639151633198458,-1.9229831349131037,-1.223967167199005,-0.1066763723556448,-0.2846516337361548,-1.0931194056835352,-0.2700798772842472,-0.3845208900930766,-0.0594273910412348,-0.0440617869612702,-0.680941494646014,1.196447135616636,3.001049889790186,2.7357962127109285,0.7895001947517438,1.702035649856664,1.935375999240604,-0.5284067251880729,-0.8943105953516496,-0.2161613913154807,-1.7001402930802856,1.7020313810276055,-0.0079824365984421
1986-Q1,0.9246108247570848,-1.0530002697298149,-0.30833917434254,0.7811432496868129,0.4250278007827818,0.306010529133747,0.4067528726987976,-1.0998680299354897,-1.0548218710498911,-1.007011493358836,-1.3602868981306244,-0.2587575735183105,0.2775613846118501,0.3560482247798973,1.7107205507123902,-0.1238120410123787,-0.8279933997889272,1.9912012165044344,2.2661991718921857,-0.8318578200450456,-0.399436926817331,-0.055660928782554,-0.5777897250385521,1.9911992462765415,-0.4660700173118075
1986-Q2,-0.5263535890060489,1.564408212064191,0.7320220540105243,0.2722351429097008,-1.921657734637286,-1.0796899541950609,-2.3806522596170083,-1.5493920334839402,-0.3275990322945179,-0.2885315652438668,1.294866624310829,0.5343980642795387,-0.2471746743701406,-0.2095413557552389,0.9456364193233904,-3.775492528439808,-0.5757054351512918,1.389769476151123,2.1571332553733367,0.4087204573252179,0.6330965189333085,0.3809767443651376,-0.6633805677840767,1.389780171762388,0.2624699708625946
1986-Q3,0.1467227297507503,-0.7281579215794466,-0.2481588610138084,-0.684164964633264,-0.8281993453565563,-1.3517776652147842,0.3632658701695452,0.3676291834502956,1.6115271182140496,-0.6467946175344489,-0.7990629143024912,-1.6880848252723888,1.2124355838432836,1.010828235996508,1.7203260323508849,2.392167155295875,1.113492092930738,1.933695391253758,1.7367587746921629,-1.5275511057808406,-0.3644286144311101,-1.4155783698905169,-4.063446360141654,1.9336633623227857,1.018968363673321
1986-Q4,0.8995981769060996,-0.4525975851529661,-1.4490349847197967,1.6771183065156527,2.291493983166777,0.914454055652847,1.5720261782537774,-0.5951707406322838,-0.6272301910443158,-0.6948474324113785,-2.020720036488728,0.5662844587996374,0.3803513017109173,1.462034945724327,-0.8326871599926265,-0.9315691804343436,-0.2867945936772987,2.712555397215014,2.7694874562396214,-1.1775763212801025,-0.9982329942287086,2.558481699483904,1.3796135097825442,2.712579481508088,0.5430487081194608
1987-Q1,-0.27953281643855,0.3128935696189472,0.615185739720312,-2.03605660378705,-0.8304774870116409,0.6080550645159367,0.237405813460141,0.8139605007814608,0.5444087421439981,-0.5573835858846411,-0.0849414583766845,-0.1417612117558696,0.0111309306134639,-0.1419883162018276,-0.4391663244076613,0.3909059089027003,0.2184105024139169,1.7188523363465802,2.2267897150987785,-0.7707217102075912,0.163935327182372,-0.9111436162881462,-0.235542157815334,1.7188504861181886,0.1716234297844144
1987-Q2,0.5590738542245759,0.2226735220636924,0.6328843139157125,2.3744148113003343,1.5613313811587637,0.3966773937711853,-0.7862985910667925,2.604771455309789,1.806262664654212,0.8329483993804542,0.8521665603951317,0.551512083675214,-0.2211819861358676,1.3474062635128237,-0.2657627363605125,-2.644951317019085,-0.5255385418633365,1.1738568262901792,1.9535358474146471,-0.1786927818457122,-0.6489814773501845,-0.3767114525440548,0.786044264176638,1.1738665765831948,0.7835627442013282
1987-Q3,-0.0262343772234331,0.243278325069881,-0.0312668758307999,-1.8344268704490696,0.0178826409914566,-0.1384878758035404,-0.5510912910406586,0.9500676410160772,0.5926766750808661,0.3728609931562763,1.5205487127627473,-0.1710893811422075,-0.3845822086665666,-0.5322736444282066,0.8690547438682877,-2.571184504599986,-0.0069516732189285,0.8008829068858602,1.0321771447352956,-0.4487399977790258,-0.5348125311042955,1.3693138684162174,0.3665637012811943,0.8008654744364387,0.0722600423679528
1987-Q4,0.0355901269163774,-0.290109324365165,0.6918021853824449,1.7437417038268133,1.4424991789474115,1.5417188159720807,1.0384724725353984,3.618492795152749,1.0649611855820642,1.3439262390522888,-0.687958415169427,-0.2372482477176519,-0.039674000293354,0.4736014012234245,-0.6462329618126907,-0.600679069774475,0.4010499729088981,1.274086880727735,1.1405069602342754,0.8294900676650226,1.5521463383941332,-6.540820859981352,-1.269220879880378,1.2741143956482242,0.0799990731074148
1988-Q1,-0.9860640483424724,0.0336163071536347,-0.6676788286609374,-1.1646069849735756,0.8676528257050172,0.1113493494454026,-0.0708575498088818,-0.3761004501751093,0.6318770624491405,-0.0829058331143927,-0.569437040028,1.1572917055658796,-0.918666344424611,1.1421752494969648,0.8448727123276875,-1.2957145162657062,-0.717817221780944,1.2460935148817622,1.478584154317171,0.6024905899227896,-0.0606970164247183,3.969951555211599,-0.1371480960224524,1.246085205623754,0.1152096585472288
1988-Q2,-0.1201697632619761,-0.3007431439732815,-1.1691832325339548,-0.0652331413546645,-0.9238387808521143,0.5324163612290965,-1.3569100530386573,-0.3886462047338488,-0.2426492995759546,0.0436165903081267,0.8396609387889642,-0.7228313678617156,0.4016856179196309,-0.3166976087422903,2.0290983910326506,1.900192008570774,-0.1859751513556851,1.5821074995217876,1.6927605471492695,1.6886427028191286,1.14008025910205,1.9347346822431628,1.908955354296756,1.582098774371037,-0.8178139266682511
1988-Q3,0.3373851722619861,0.5135141347555525,1.4405758234582997,0.14511232732599,1.2711915872610289,0.2523886868342657,-0.5603797897277357,-0.0733979405395746,0.7346942385406389,0.7959901279176598,-0.2864904432574695,-0.1346589765091639,-1.9652041101157145,0.0862389269471759,-0.2086893713712705,1.5373677027582515,0.0922283757667428,0.9451732276317442,0.8383076802277412,3.3064471393044044,3.2597574769278475,-1.4218996928824148,2.037253079920611,0.9451630821522252,-0.2102742725235596
1988-Q4,0.4993650372124062,-0.021056940670509,-1.1861921728428786,1.0614713560113973,1.3934450582087634,2.5952845900785477,-0.134799287225406,2.923357377508964,2.3334854521059545,0.3674580658851212,0.6941524520600907,0.3919801543593829,-0.3720771795493346,2.6501879299375624,2.4171614615187673,1.7569129686759186,0.4509807521458415,1.6475202165332534,2.020694356035914,3.147307123215853,1.5017592861362454,-0.5917239511364951,0.7524700775535683,1.6475288322039512,-0.7879530162023093
1989-Q1,-0.330557200618246,0.367028734775027,1.2233948749408878,-0.4871827669554397,-0.6846837991560779,1.5347019309559242,-0.1811377478901114,-1.204586315750806,-1.0386732287580511,1.159835938487333,0.694331153612942,0.187377737309361,-0.3355202324511881,0.921836279347984,1.6795055110057922,2.592244283986186,0.890613232922491,0.2881196615845668,0.2944114653773494,2.567426767792811,1.5084340778461371,0.004544528640671,0.5601562103140864,0.2881231192640245,-1.131144744877632
1989-Q2,1.033247462929028,-0.3952273108603639,1.4219512671776406,-0.4318006266880719,0.0375132611034954,-1.3644721948472605,1.0645877283653422,0.6913409897017583,1.0735116086063858,0.9806193612854168,-0.5570201399221523,0.2336239457560596,-1.370595410862501,1.137039014813374,-0.306891851294237,1.9829145362355685,0.0850034305303289,2.444850641289461,2.081065744465344,-0.1751564072077496,-0.2970193914932781,0.2640581365780825,-1.268539094991948,2.4448653761107297,-0.4918548826412994
1989-Q3,-1.1516554020383796,-0.2378075881307407,-4.055585173660128,-0.4631508063440037,-0.1039838589592417,-0.4856621083724609,-0.2746297309052679,-0.642060006223407,-1.4811532516569634,0.3902625279248037,0.2484082320190706,-0.6349582995412499,-0.4290121806617745,0.7105352416621894,0.9809099857052864,0.3976350993748521,-0.0968542792331027,1.561092173365907,1.5663404592890022,-1.075682877912508,0.2904198561606197,1.3707878834994889,0.0952902396065788,1.5610719612988295,-0.2803136056657378
1989-Q4,-0.9585243385736602,-0.1314723097131556,2.7153236075615887,-0.8919937087475455,0.1853342435698162,0.5333369510420677,1.0936905471248586,-0.812106247430493,-0.8848455296627735,-1.426993084710333,-0.1565428954113496,-0.1466796578301279,-0.4019816034421695,2.0961914055622266,1.523219312797767,0.1759935510795487,-0.0296114446981476,1.44351080218548,1.654214262021092,-1.1754334177504475,-2.52554038314482,-1.6943463454110106,0.8085222137807464,1.443518646348542,0.2630655213067702
1990-Q1,0.9575539145978276,0.2713449225764194,0.2393104049194092,0.7463181384206029,-0.4237077904071002,-1.093795931899657,0.9939518275197972,2.368400090509516,0.576594934149172,-1.1018410008228394,-0.3622883024630023,-0.5973672866743069,1.4501541202941224,-1.3343604222442866,1.3432029464700317,-2.2975762402075546,0.0669011658192449,1.4075442955711432,1.8349620705571523,-0.9790324243220142,-0.581692857853873,-0.1038776087655831,-0.4344289022629521,1.407548022721273,-0.2145936251295638
1990-Q2,-0.3404786617643436,-0.1645360599028004,0.0054240080584177,-0.8211438112708437,-0.3458308135715047,-1.3260169118824254,-0.2798845603706177,-0.6964914019401216,-0.509904837311731,-1.9286295240375857,-0.4212123373724112,0.4931615634076819,0.7892508607580709,1.4749064968245702,1.552727599697475,-1.767173384574633,0.3080044649049324,1.2076015582133763,1.058323153942837,-0.5117416936763353,0.1007696725908442,-0.5155806978757347,0.5227560336191759,1.2075939946821648,1.8379398137382148
1990-Q3,-0.6658610915988475,-0.2853673658531435,-1.8810022759825071,0.8274986593831625,1.2206516581751696,0.2789240542911941,0.117223518438872,-0.481243215811737,-0.3430968063536836,0.946415409471338,-0.1985355503715684,-1.0575592849389848,2.418388334753473,-0.3878102960369172,1.1089689393092814,-1.3165595016818663,0.0058075816131635,-0.5231518698791623,-0.1716954496816404,-1.3109931539058512,-0.5329788947992711,0.9496469475121369,0.5178629785816822,-0.5231613854973503,0.4996026257761722
1990-Q4,0.66766478249923,-0.4025733873291928,1.407571997839053,-0.8999884030670365,-0.1681757033412926,0.2449466123841501,4.285911631276629,-0.6139840057570596,-0.5183332782253735,-0.8005613173152812,-1.9530825764856643,-0.4285794820513151,1.8817174110988233,-0.358477558572924,-1.6502227753557106,-2.103471655687387,-0.5691987732900142,2.461337345231303,1.5839578806264445,-1.2613553136091618,-1.1762631261355172,-1.2272567125630132,-1.5022759750553385,2.4613454520204767,-0.8066795244573686
1991-Q1,-1.1396092370111544,0.4070403659259709,0.8006619405369273,0.0125741987286701,-0.7335407763936149,-0.2471611932344741,-3.401652803178518,-1.531336219187324,-1.0722917712555786,-2.168832800039088,-0.2593476199909356,-0.5648497146478513,2.299331856748179,0.2691269015774513,0.1919398853553315,-1.1486522448613394,-0.7701863963678418,-1.2863248743692213,-0.6727613032414149,-0.5758128698667305,0.7718556273152131,1.764648369945225,0.1944712865245053,-1.2863276020169394,1.0018501583989354
1991-Q2,0.8926932264803636,0.2519073168686164,-1.6196712157885262,0.3352528797559243,-0.0855023264443153,-2.1789106604555712,-1.3456788289230797,0.0842277398422954,-0.4830683907680409,-1.1751295319138375,-0.3058552094066327,0.7133700664846784,2.094479186250496,-1.5903555238277696,-1.1176511993602334,-1.0364577235344103,-0.3950610060878839,-0.7392304122982757,-0.0827944916388472,0.142650089596896,-0.1035017995120065,0.32231735369087,0.8815087952054669,-0.7392285981445106,0.4493984219255909
1991-Q3,0.3154575594567912,0.1769044735126883,2.205179525657186,0.8749879176630778,0.3381422870063471,0.6983064472516659,0.5958650583785522,-0.2985719641108786,-0.1724485625763752,-1.4907416671200764,2.1602980348894674,-0.1230806242125649,0.5204933580935155,-0.8859376670853744,-0.3538183034962599,-1.0775833106497523,-0.1605656840609606,-0.7736898108845834,-1.1303749808894314,0.642193775992594,0.7720119553316648,-0.6400332614917189,0.5901622236680603,-0.7737041245500054,0.3164970158446179
1991-Q4,-0.4147027673484838,-0.5510574322057699,-2.7614181087955414,-0.3346354101618682,-0.1003444277476334,1.181236705877046,0.0651023435192541,0.1575253974679527,-0.8903099365659634,-0.3499336032325377,-0.5725291324635484,0.3471619621266473,0.918184435615771,1.569277837404563,0.9299288752321054,-2.241342535129036,-0.8547350099071155,0.3120083723336013,0.5663201080076141,-0.8230291201841893,-0.0964708082192832,0.5701648578841402,-0.451340789402001,0.3120201324512248,0.2582961833718045
1992-Q1,0.7381629045239211,0.5430022970209722,-0.0392410577329245,0.1668571697271245,-1.0280900978630996,-1.6773566888867095,-0.3865044153234599,-1.1522596170758284,-0.5964863397806918,0.0701840944662152,0.0016804429329278,0.6763916632620385,0.5303234586164058,0.8583556375556791,-1.343105210762732,-1.1670350287868323,0.4035915619049493,-1.0555668932828812,-1.0969873461262,-0.9244507971733084,-1.146741428740007,-1.2368361750007686,-1.10222064665927,-1.0555645323162082,-0.193978537971669
1992-Q2,0.0646169814330293,-0.0117310514263564,1.3065732801615773,0.1567629118034321,0.3119969029198577,0.3468497534201427,-0.2083845137283106,-0.3948215232112856,0.1283120683374128,-0.5063698525623263,0.7027707328611096,-0.2897774375796042,0.4862925278007007,-1.0741744506095294,-0.4833546428796852,-0.9215653239997342,-0.8220131656483514,-1.4307424891775302,-1.5785940695738507,-0.1986975537957385,-0.0690665140819792,0.786244750986596,0.2536885023541451,-1.4307558563384797,-0.3954467972296947
1992-Q3,0.0033805345691761,-0.4364489521430415,1.384338022666571,-0.0240572209073338,0.0431160942687374,0.791966585565211,0.1956230943576506,-0.4058328754006573,-0.1135807659964605,0.1894138139434034,-1.0015300269078748,0.3409952794528277,0.4774462329130061,-1.193005857335804,0.1063203586043435,-1.275198237849401,-0.3172021170883778,-1.2352514559044352,-1.2242584844149984,-0.6764727103584098,-0.79193713097648,-1.0815665672081047,-1.492945255226291,-1.235251110108143,-0.4583000388961862
1992-Q4,0.7074236036154322,-0.0067230289841456,-1.2284815439751071,1.8216909762448084,-0.1894102389281271,-0.0225931921282566,0.1695431630461422,0.6940173263714219,1.0851227246693398,0.726636096978078,-0.5610637988770544,-1.025732177674396,0.7284159370419803,-1.2198011847876242,-1.7713884652185117,0.1622064631353976,0.320932575724242,-0.3816366302951519,-0.5125326316766154,-0.2098145449944926,0.1945901607883707,0.0133769464855034,-0.0523755530686758,-0.3816155444411543,0.7426899875265986
1993-Q1,-0.83818630284415,-0.122023454431257,-1.0092467853111742,-2.6449370819728055,-1.2077656831729244,-0.9826216887122896,-0.6625900814739967,-0.0825022134101898,0.4951811226049832,0.8407273138952313,-0.5484383149065618,0.821132367183036,-0.3268838557584536,1.4455980015182617,-0.8048280128356246,-0.1973431767145914,-0.8599082835709871,0.0774924050580158,-0.0334267351302295,-0.179141960434672,-0.093333125845038,1.612490569728649,0.0481273520580631,0.0774952777598943,0.1819621877765376
1993-Q2,0.0245662401858713,0.5316459150975354,0.6911928968183293,0.9214495067339864,-0.0737668301299218,0.2609287602109398,-0.1296073865501145,1.0207349035636886,0.7014512594616715,0.4606524068234939,0.3291246765328218,-0.0117125621204772,-0.0413011932571319,-1.5857313476652894,-0.1110434015408177,-0.5171440776378539,-0.6917652915659407,-0.5255271774616265,-0.1188315905416963,-0.3899456870767814,-0.5853153087579158,-0.3084860783310054,-0.3500697386702034,-0.5255447039220489,-0.4148019650453331
1993-Q3,-0.5131778655566696,-0.6203916421448625,0.1307619419544395,-0.577633025460978,0.1682862407767133,-0.4101790737387238,-0.5992185466632064,-1.5163555668423214,-0.5861566633357789,-0.3254782166602391,-0.5459414975906383,0.3270390218225719,0.1870259726240501,0.1612161576190606,-0.9324851662864256,-0.4020160013862316,-0.8646655164639833,-0.7845260974750777,-0.8065324941876355,-0.6043918005427683,0.2693088907698031,0.3545994675230148,-0.6347456205936289,-0.7845158348917718,-0.0233277461686881
1993-Q4,1.140980493980971,0.7630498233513056,0.3224512228491605,0.9150557106519892,-0.0433528963228163,0.733537303658295,0.2869531786624244,0.6808899342265268,1.3865760369682505,-0.5577575787298763,1.0376485829785265,0.7921277675084704,0.1160924141242135,0.5192523328103328,-0.9421467469121396,-0.1181309917291001,-0.1153622082808266,-0.8442855516712959,-1.1410925466924406,-0.0832293526354869,-0.2593371089556744,0.1272660686160314,0.3957020457080514,-0.8442988793563351,0.4315298893293212
1994-Q1,0.0819206314347027,-0.3724625449580517,-0.0472033345407249,0.1920941741215423,0.1288943070936022,-0.0094982689855288,-0.957498822350068,1.2604193359608566,0.5075652873073689,0.8737345053642559,0.6748270728842608,-0.5232521240456743,-0.7310573758673622,-0.0168233616054583,0.000118674095136,0.0967813660940611,0.6968144471200048,-0.3884533204531957,-0.0847990123748735,0.0170216677713222,-0.5580434219189359,-0.554134668704557,1.7616719147197413,-0.3884362362291239,0.0256890283152087
1994-Q2,-0.2382526105991019,0.0869597137501228,-0.90555966358614,0.6687445383719101,0.4757598203040932,0.5012678633928727,0.546135129374899,0.1912586825579283,0.7952318026570669,1.2352612523632427,0.1961274133686349,0.3354223419226794,-1.076462530769167,-0.3097530301311202,0.2584498512906167,0.3284639829369909,2.1739645884583996,-0.0923277647774176,-0.1842018487763218,-0.0416301559533476,-0.5835356617987228,-1.4196240467336545,0.2345577690959929,-0.0923352420234683,-1.914373583162041
1994-Q3,-0.4974882427678224,0.4281168653375642,1.755890996471751,-0.3893051893129586,-0.1698358494652999,1.4064955252556053,-0.5808520277365202,1.1441315387359736,0.382136104454964,-0.0231638682410423,1.0359875821770177,0.4678786501700286,-0.7597745185793968,2.3478554276710266,-1.7576507786509643,0.9766927930292842,0.9206826054838232,-0.5708125792771357,-0.5827937048457336,-0.028591095361373,0.5479026258513033,0.7754885225617493,-0.061740951956212,-0.5708213460367582,-1.12638304143925
1994-Q4,0.1253341018175842,-0.6624964137419357,-1.0382875282310409,-0.5659659021990553,0.7864972901884515,0.887926823858062,-0.3087863985330424,-0.5102934788018493,-0.7103986554621922,0.2535180349307436,-0.4063587085675064,-0.8072280608376021,-0.8149075218095125,0.2190801925272639,-0.4029893728924587,2.133760039149585,0.6120359812968316,0.0246042562056366,0.1890745030136515,-0.6924839795726594,-0.8211090142389876,-0.3162236042000644,0.6298180848174592,0.024610596956036,0.389108259605882
1995-Q1,-0.6759327994168773,0.3523009183422734,0.090247290703688,-1.3699506673395032,-0.161785265302274,0.1213727101875396,0.1630691478262152,-0.9814671816882786,-0.883720406190497,-1.3181031948580446,0.2825705075623267,0.3514133537210094,-0.5331501131335314,0.7399133731862696,1.6944696358957387,1.4479159846212526,-0.0527147944667524,1.1016306554055628,0.9230971373320808,-0.3055840886403185,-0.2111325891521304,-0.0731437719681901,-0.6803417212151003,1.1016340684329082,-0.8217670376390217
1995-Q2,0.5278030228604258,0.1657418857787908,1.319776563395182,0.2087781407389908,-0.3119534550015069,-0.1395335690114276,0.0338618995253972,0.8649635591997505,0.4097433668396546,0.1715525466715658,1.6671583909918186,0.4413972956457369,-0.9186573648639518,-0.6116683166709461,-0.3348873953929824,-0.5171440776378539,-0.8949058823986643,0.9301063880853204,1.2760506393179196,-1.2501812486921176,-0.6820489408109519,1.2154866007855418,-1.7840230596939648,0.9300998380470544,0.756204156032845
1995-Q3,1.1831628240995808,-0.5912138329736281,-2.293914673884677,2.3936604953639593,1.1812674671759884,-0.1782801458047776,0.0290402940471873,1.0511690897690067,0.430455923913794,0.2339106368050634,0.2615833197369952,-0.8675454722021041,0.1207741095433545,-0.1958449463501891,-0.6258868697015714,-0.1998053782052981,-0.1823074989936665,0.2434565635220102,0.0287902387424024,-0.782730515273872,-0.9281933709043184,-0.1863131034725361,1.3187916454277635,0.243466737800903,0.988848379714523
1995-Q4,-1.855147611602939,0.289721113090973,2.1176731950900995,-3.3361314547471763,-0.1678630401101306,0.0442224484320706,-0.1641916286923388,0.1838747411040857,0.7002328039695119,0.0974286902085399,0.0498902206826406,-0.0169341097518397,0.1745587119354958,0.3136401317439646,1.8626530827855103,-0.113535295747707,-0.5253598350141205,-0.032086059988843,0.1477104275425312,-0.5066649301533148,-0.6566732410827745,-0.3109467846908901,0.8184962132212914,-0.0321024675584765,-0.4494982648893202
1996-Q1,1.360902097110505,0.006442801394126,-0.5454545714417787,2.485887976352791,0.988981925437434,-0.0859094448049192,-0.5302247905115501,1.5526868317157287,0.9770164493552752,-1.2101710006780804,-0.0589109126561014,-0.4557704734163412,0.1696092124802767,-0.5146456320966926,-1.3504302577408804,0.1059727580568363,0.0364780864006007,-0.6494645306407236,0.5743063334439561,-0.7602183461068776,-0.6672409480486482,0.1687141255672196,0.4663548534570036,-0.6494532255176041,0.6581161507485142
1996-Q2,-0.556506024592537,0.0037077007913321,-1.4905521670842743,0.487596916846263,-0.1158336193403445,0.3569155962858297,0.2286733341797309,-1.2235112696958057,-1.2850573729420147,1.012128539723477,0.2657160423853091,0.3093838388701436,0.0842442643813749,0.4009389375870942,0.0492640007047276,0.2503371512534401,0.5553532759031,0.0385894365874102,-0.1338769811413739,-0.0433646259675486,-0.4002701540806787,-0.6129909511613262,1.2911005381333525,0.0385870727157095,1.2983371013928833
1996-Q3,-0.0618979101368525,-0.3637426815753961,1.3066762057064565,-2.687615543470333,-0.5607876075600584,-0.6968404723220212,-0.957890190044786,-0.3991422379647897,0.7233525545723265,0.5614225151281138,-0.3354866264829577,-0.4680200812135349,0.6097383045218427,-2.022822567743568,-0.1149418025235571,-0.5628653607347128,-0.6008079528662494,-1.0204128020744638,-1.0543920901862514,-0.2818575203888969,-0.1890841508085573,-0.0560489688262279,0.0137616891636074,-1.020407954951262,-1.1498452869776656
1996-Q4,-0.0110382691273828,0.1780756509339923,-0.9542796052308234,2.0836133128566443,0.1478020890073259,0.7150141192432069,0.5911169367346185,-0.029742879003919,0.0982194038712652,-1.2920213306344743,-1.143280490739165,0.1576712056281742,0.1188782159404725,-1.420331051840788,-0.0139703031659719,-0.9591433563225504,-1.0003987719500285,-0.8699089360512943,-1.3732236282890142,-0.430625737642789,-0.5307760600373271,1.1674539711424083,0.5193432412378637,-0.869921100730645,0.5763899532331196
1997-Q1,0.0141557822790349,0.200181454624159,0.9839631565257532,0.9600350309875278,0.0609333510188396,-0.8293852340313136,0.1036521641299836,-1.5618921211311956,-0.6828531985808625,0.0420667179752428,1.1343325136882667,0.1307800778098782,0.1432567383975161,-0.355326653229462,-0.6754915259686789,-0.6293385989647817,0.3723150524894461,-0.8604856463153225,-1.070900822126097,-0.3279638537973913,-0.2357260649815,-0.6444489853933052,0.0671572881223984,-0.8604790112825506,0.3595202439498983
1997-Q2,1.80883354599703,0.4165805984227066,-0.091605628708263,-0.9143541535572242,0.2094585284367228,-0.1773807665841911,-0.575968614241066,1.315027134215002,0.8621648746454498,0.1678390600258187,-0.1201582789707827,-0.0929395131294726,-0.2846244873170541,0.2055530236158697,-0.9886581810861031,-0.0943400473504388,0.014019706454173,-1.3995264214795615,-1.572934834139566,0.2511131986688049,-0.1528973015939626,0.0345959019668498,-0.1216851620009077,-1.39951635351175,1.0143825918133325
1997-Q3,-2.283070306501339,-0.2317248483655757,0.6804993567071302,-0.9648329038919006,-0.6850592540736448,-0.4408379030170076,-0.7573963093030857,0.1661987871590374,0.8369110997331914,0.3288230928358152,1.1168973661067694,0.1420712284871336,-0.1574210231861045,1.4673907561329678,-0.6867457483174059,-1.068391918687074,-1.268728586516902,-2.0449576295857557,-2.110236543656038,0.3345498816804208,0.4369483382082943,0.2748444408404062,-0.3924350801614003,-2.044975408216582,-1.2101151678209587
1997-Q4,0.8337237760380822,-0.12668739475072,-0.8507098740109026,1.0315720499155054,-0.4631425167283493,-0.172030594232434,0.2795545153282289,0.8508691798110963,-0.01701166322659,1.7204911189745566,-0.0373105433044919,0.6049427820273439,-0.8808096613017221,-0.8137225700155956,-0.9452665112392286,0.0059527997683107,-0.5584729136102436,-0.6636696707497555,-0.8174971737319472,0.3831938275969554,0.5047090348379092,-0.8847151929082622,-0.4282418294872677,-0.663655243875087,-0.5098053919930888
1998-Q1,-0.4169093645693819,-0.3876953205166655,-0.9319032398487964,-0.7456713423734037,-1.77458584868794,-0.151315714611233,-0.9945371642874944,-0.2783791846148379,0.0194500179656895,2.0535339409176565,-0.4486527369282873,-0.6526498609235118,-0.2100655502598266,1.296787566202266,-0.8955627972445516,0.0921856701126668,-0.3448641090827697,-0.6553076394984811,-0.2905997324035309,0.3803820934427814,0.9142731746358508,0.6285109541833166,0.4288250529748169,-0.6553185039703996,-1.610994987886344
1998-Q2,0.4393673787685124,0.6973415907279211,1.3871037208375818,-0.790597596129327,-0.2742843181030452,-0.785950332616941,-0.1283533880593747,0.6450857575749768,0.8148966636750011,-0.9593353103884964,-0.1144772912731885,0.5382118692313388,-0.2398206081656196,-0.9026928237060188,-0.3278424814642039,0.2733156311603837,-0.3613045545330379,-0.1780073318658436,-0.2221301590578583,0.3898511377582134,0.2371902900484299,-0.2227818218618178,-1.390532510376457,-0.1780140913903082,0.7376925458588037
1998-Q3,0.4269029811161442,0.0026576221435216,0.4688328896025908,1.2808573983482403,-1.1844508756353922,-0.8516466163246893,-1.4299919375537211,-1.071758380487194,0.1999910892678809,0.672667860304516,0.3402046124145504,-0.1806185918950963,0.2532103203381626,0.1252425332175702,0.0755483865866415,0.1218933404916507,-0.0748010845084873,-1.2243635132867987,-1.249969019606466,-0.2759884030699533,-0.8402553191794975,-0.5890614967840079,-0.7244856492568305,-1.2243631967211654,-1.3528540393600268
1998-Q4,-0.3597243114001771,-0.5328533887438944,-0.4746047249704505,0.0755240676430305,0.2731544470154217,0.479843018606804,-0.0803808709938733,-0.2504936857744088,0.3780357592605586,1.1055783213180186,-0.3896694879412957,-0.0716583039090545,-1.0025408579193995,1.7792512550175272,-1.2258514954253124,-0.39387275061219,-0.8679517313009925,-0.4679960133135238,-0.6701617769403556,0.3106908082699038,0.9321877890471796,0.6437052341028869,-0.1494420272310466,-0.467977311907992,0.7917017010475983
1999-Q1,-0.3959830983075698,0.4761017894089062,-0.5946169827869583,-1.255898358928775,-1.1147670568817336,-0.106458127771993,-0.6121805712799885,0.6044956511149121,0.213867672269087,-0.6637757113313884,1.8204024080764427,-0.3490771732104138,-0.6846141002576966,-0.8947128001649641,-0.9147760802313823,-0.0043239454964184,0.6794813779826963,-1.0653903047855997,-1.1123696157650635,0.3165796266322874,0.0854639775737434,0.6083582916022975,0.4790909025787869,-1.0653882124339742,-0.9343251331770694
1999-Q2,-0.1566784862861799,-0.3914364269360157,0.5674153781201242,0.8502935584080487,-0.5219217799547266,-0.0523618939705837,0.5177141208780726,-1.6914280987451225,-1.4633098395073447,0.1465565190615903,0.7219432542017737,0.4349319198273306,-0.5448540702751904,-0.0030294450656644,0.5845546013659397,0.2273586713465235,0.8342366425518594,-0.3898245373039559,-0.6250179220429686,0.375802440572854,-0.9199818235901406,-0.3335135042927458,1.030609749857374,-0.3898357443602453,-0.5021492971864283
1999-Q3,0.3613540697601195,0.0626677793840472,-0.8959967247484921,0.7575201875384475,0.9010635154796556,0.3272812963020852,0.7404207713800919,0.0530288071927601,0.1091239486496042,0.7388326977369924,0.7958867754209457,0.1234012561907979,0.0733732961817804,-1.0597432181901885,-1.0134440639135065,0.1586589083427369,0.8568985188442391,-0.2232474207630364,-0.5567362192213526,0.3982798110030275,0.7637388856609741,-0.5208317975958874,-0.1452991881434263,-0.2232465359515775,0.4025961116988583
1999-Q4,0.314758743334418,0.0096564878526429,1.054214505814698,-0.9901610127552444,1.4270782040521086,1.4576774730398336,0.303442787537923,-0.0201051265029357,0.0259981033215081,0.1226828994532309,0.5974419211507468,0.2204057475206215,-0.6086524781647958,-0.1038148193107091,0.307024457542005,0.7366684608085333,0.5860010394581819,-0.2814795840489809,-0.1911542694780864,0.7234576502630072,0.3061012043831516,0.2544287978594647,-0.376285975524069,-0.2814782347177718,1.154113667853302
2000-Q1,-0.7706621209867416,-0.3664057997995115,0.3478473481249048,0.2567260137142549,0.0159197576993292,-0.9704372260985552,1.068859315609436,2.6312129730199705,2.424749306008665,0.3714224792315131,-1.1925325317123965,-0.6871713337693327,0.207232406417185,0.0160630674223437,0.4871545380604334,0.4966069164745461,0.4425426572235236,0.1158839439055641,-0.0681078380519293,0.2301009548288069,0.1276122587507694,0.4264199462385396,-0.3048708132440619,0.1158908599190874,-0.3754872680278067
2000-Q2,0.5466002622681359,0.3655522391448733,-1.2603787004729443,0.4461679235318165,-0.5401653122278762,-0.257357813245038,0.2076246159583194,0.1881508931396376,-0.8953765912331778,0.2654008266163019,2.113719041962028,1.1875570469677914,-1.082430108813964,-0.1134563852411961,-1.170636831107218,0.7099067493919549,-0.8504791638500814,-0.0203382550773793,-0.2282792098586568,0.2255145073812641,1.2367428125172903,-0.8631730222289389,-1.2513919861854663,-0.0203405372793952,-0.1130528999137495
2000-Q3,-0.6924779571506061,-0.0431870309723349,0.1180430553134015,-2.2274962403425373,0.23536903282187,-0.6257313068477681,2.126831654539514,0.5522501289053969,0.9166434599379116,-4.358753604109742,-3.347423304939401,-0.1435033499165287,-0.9431125581856098,-1.4893847807996332,1.287417692262733,0.3470824435795278,-0.0507296597875073,3.7518150648905824,4.321411187069277,-1.5027018145659146,-3.342842359281076,0.8845950132392022,-0.0834841071367487,3.751801695924597,2.0420043812735544
2000-Q4,-0.628225347438422,-0.3029297595999183,0.117103605111424,-1.1237555141470787,-0.1166262583281922,-0.9079939189373508,0.2436101196410124,-0.1819916749612946,-0.18135652498163,-3.909835149676194,0.6349997406909147,-1.920236235979023,0.7505466136156078,-1.528535130101066,1.0988153063679744,-0.1365137756546359,-0.3984905550621672,-0.7047908956629706,-0.9003289882305132,0.4706557050469998,1.698558117493431,-0.57231092258591,-1.0486556335908952,-0.7047777094411534,-0.0156010214715261
2001-Q1,1.1944325403225284,0.2159335318776132,0.3077495873191792,2.9429748385205614,-0.9229274693074172,-1.5840165305920098,-0.8217210574101728,-0.7078765798913601,-1.4414035536416856,0.4827593412606062,0.6889686017473526,0.7901578143392441,0.799731954095881,-1.217797938904845,0.0369831638109303,-0.996994277475576,-0.9294423159759372,0.4181757033032711,0.092453826457102,0.3759296509025749,-0.1895960344861934,-0.1862139051456829,-0.1879150185206427,0.4181704130095415,0.7061843829247644
2001-Q2,0.0657742112443138,-0.0031939727620517,0.5222107965999647,-0.1187978869088223,0.1935593275653458,-0.2115133333288381,0.2155445443942376,0.0514460094311842,0.8013688016095424,1.4719283058493429,0.5778384589467919,0.6963674866684564,1.601443729508614,2.0463404703738974,-0.363962775258687,-0.7377374847443378,0.8792812794525486,0.0998472177897973,0.0144575822027084,0.8182096433483494,0.2467273971014892,0.2181006451422814,-0.153821418905004,0.0998491737653095,0.2793452917212097
2001-Q3,0.0197372081302479,-0.3091564539197212,-0.4504592311725021,0.6343297464982331,-0.4554359048011656,-0.5771494619185124,-1.7709315171244568,-0.7502169365170842,0.0824823298322782,0.5638732285239119,0.0899106255651537,-0.587677533982225,0.1034980476667678,0.0724131244187628,-0.8402189268007131,-0.0481474108195909,0.1489394076091988,-1.0329003713417724,-0.4663066060497419,1.9127347248930475,0.989110229820069,-0.4384324705569412,-0.0706231547284136,-1.0328960234000784,0.6520512593943006
2001-Q4,-0.0910568320830547,0.1404152757456275,-0.0833395361028976,-0.0894103767854389,-0.6391517011842537,0.1326002246602358,-0.6253120815908119,0.65103266196326,1.0775293902005452,0.6537268483833693,0.2232921326485558,0.1611120975749492,0.4610624681375235,0.4253200260198468,-0.563361304288541,-0.7477413411788429,-0.349101445439711,0.1953631722410997,-0.0939014143504266,0.6991976967476291,-0.2713653703999607,0.5326856298177148,0.3049533101546711,0.1953568232874719,-1.2109007512456818
2002-Q1,-0.105180161754231,0.3179410535540378,-0.0632800058901822,-0.2217179201960075,-0.2364495484012201,0.4441033337130282,0.0208801796495464,0.251453287526892,0.4611015385798868,1.819849222367406,0.8630197526195729,0.1228635972688612,-0.9176007499074856,1.4093431955275484,-0.2068154536993068,0.1243555419823574,0.8424221147482643,0.1912355043551003,0.3817242655013844,1.3737890145608245,1.587222824319594,0.1668207573545774,0.5062341191394193,0.1912458101117861,0.066743527931824
2002-Q2,0.8149906830456579,0.2556917685870815,0.2304261613172939,0.7327483913681468,0.2356644189252462,0.2983410978951997,0.9024457622783644,-0.3122810632728809,0.587473381311339,2.2235779917279226,1.0046412458263003,-0.0511708554347237,-0.673084018969008,0.4357548592953266,-0.5789731939139953,0.8202034529451963,0.2100054003112859,-0.114108562131593,-0.1858199048211671,1.988344818494885,3.331253125782674,-0.8140394242912848,0.7910410369625966,-0.1141298875927878,-1.2133501217305744
2002-Q3,-1.273998234177749,-0.2501403307248632,-0.193830825348462,-1.0405355798132312,-0.1874738508610304,0.8306141279056066,-0.6297199305747879,-0.1778555226841987,-0.0106110146238348,0.0269118398642392,0.0244858254069833,0.3148031951833197,-0.2963884965340805,2.3311884133185217,0.6407573471053366,0.2000201721752003,-0.6925411096715129,-0.502038298024878,-0.4763599547315706,1.038685769251722,0.5826388911967791,-0.4050558724005883,-0.7600098347448369,-0.5020222673155934,-0.3014805875354526
2002-Q4,0.3130063819859718,-0.4646357277177707,0.059719234354081,0.9895564774900576,0.3873820053340659,1.248867616429549,0.3094472535333577,0.3437144396069202,0.6824124206892543,2.539425064183393,0.14204409929717,0.1824049945370404,-0.2782669167824707,0.8339165052954869,-0.7675516631132577,-0.1227266877104663,-0.1585806238735486,-0.1983139368620977,-0.5517490093103796,0.8043583482187523,0.7303059521482682,0.6167535048585048,0.6760810398348458,-0.1983278696187779,-1.0898671125508996
2003-Q1,-0.2508788358981486,0.142113988028817,0.6762284717749663,-1.187617638724983,0.254962055578351,0.3971607623822397,1.6433319704831526,-0.3888698128636944,1.106839118681591,-1.5275389565146615,-0.2680734001906971,0.1378649852854652,-0.1862241003122847,0.5022341133982555,0.537950904783011,-0.0594722972730403,-0.4176451346370071,0.6767782622628077,-0.2296932835376792,0.8734360767300611,0.3769699643646047,-0.3119595774940042,0.6770008177902243,0.676799884093376,-0.0343900733639483
2003-Q2,0.2344364138961908,0.196761823833311,-0.8039975221162922,-0.5709658318454099,-1.0307602398237916,0.5614268882315749,-2.050133097495957,-1.3431499119704788,-0.6800936314954713,1.0224437326598814,1.0419911345518376,-1.1601895895756578,0.0096374131821095,0.5244470584260035,0.547535204944531,0.1124662718119025,-0.3376418292114139,-1.013290119440494,-0.0642525516538345,2.001721783896341,1.24675674040507,0.773369243937768,1.4060665106690706,-1.0132925883687405,-0.9104265065626638
2003-Q3,0.7971231716416541,0.0919252663038985,0.7369282490651063,1.2643146738811777,0.1546939317998585,-0.3823438250945619,0.0638685700075181,-1.1441814660853256,-0.3925551825572256,0.5731032057464177,1.723113708806829,0.2877725278934753,-0.3893134797183126,0.0415327576937088,-1.22158255315766,0.1310847324544259,0.8071887200148251,-0.5181770331277262,-0.343185842560444,2.080186709884613,1.5919841015223848,0.230359421781183,0.7459531548706136,-0.5181987792122839,0.3850047335449318
2003-Q4,-0.1321359056887699,0.3425648422229046,-0.2502312886130032,0.3849992373320499,1.4681860918790326,1.2605835489578636,-0.148645463423234,-0.3982313578491639,0.2849795673014462,0.4309462262789801,1.3241366891621384,0.4840434540138986,-0.5747026585581015,0.5103169506245965,-0.0439630062649114,0.6079889733297427,0.603199408294255,-0.394118320954829,-0.6641154094083023,0.9049544787740323,0.2073953670234979,0.0136099451327467,1.5147163299414372,-0.3941170881979077,0.0669605800021758
2004-Q1,-0.5056677596610314,-0.0567544649414524,-0.485810939741682,-1.0184740638123624,1.149870136822697,0.9140934076844331,0.5443871573236548,0.6961646993954397,0.7089396248687317,0.3293192774813934,0.1928367571207663,-0.3998882236701278,-0.4676358053947513,0.12610122053427,0.1320399810806017,0.4644370446048567,-0.2078198362898121,0.1228788237694466,-0.4392131014533166,-0.3850988681531815,-0.552990872452405,-0.256309054532364,1.009175481798264,0.1228886959421374,-0.5440527862497093
2004-Q2,0.108154837260824,-0.4789573433705863,0.9982975271600186,-0.1752976212221983,-0.0433957341197117,0.1005221142133563,0.5329759532884096,-0.3559947091873482,-0.4628996710534808,-0.0007313949192926,0.6250749699977715,0.4314888622394256,-0.3645868646853062,-0.721661018040648,-0.3242860434154647,0.1032748798491273,0.4752585929955941,-0.3358370112697986,-0.1467807550722784,-1.1485375276774097,-2.177003989266713,-0.0332929033380873,-1.3111067754217451,-0.3358426884424886,0.0970169802417404
2004-Q3,-0.2231541512982417,0.0999627888985628,-0.965303506864012,0.0158266875719419,0.0443825814421293,0.3257370233387293,0.2004203003074753,-0.3146478409984163,-0.7090900344223688,-0.0266945645889396,0.4255293700527346,-0.3689664464923739,0.2754215675184095,0.6064072376354789,0.8540868222661663,-0.0665301947451266,-0.3448700118827899,-0.8716256338114337,-0.7796090403312514,-0.5811780015883985,0.2944233549184956,0.0847744082359003,-0.1715476454214425,-0.8716360866054362,-1.069575505133989
2004-Q4,-0.061544670748599,0.0045346989436107,0.2713734168783965,0.6438580457728231,1.1878952263293066,1.1244431254778606,0.4635883486721509,-0.6419245000450232,-0.4898666026465531,0.0850065148302613,-1.0724938803935335,1.082602238046989,-1.2798604248089056,-1.1556517233519603,0.6427437622037032,-0.0216213761200014,-0.3295710608594258,-0.0744384940018569,-0.4942075380222135,-0.0815186921573074,-0.6865490506415612,0.8185511384210455,1.0250238292655525,-0.0744117279586301,-0.6624749413045121
2005-Q1,0.2429721175829489,-0.6471078691286908,-0.0587942116761011,-0.7934377776491287,0.2744558475147666,0.4736598320418594,-0.4777032160682891,0.7772464215878157,0.0962045576148813,0.0636423736507776,-0.3005360057059164,-0.3332875935862174,0.1261623440856928,0.0790808401435934,0.1621076595308828,0.3403532531074605,0.2838272473669821,-0.0744813337562846,0.1682346413691997,-0.2530109174781737,-0.3228254594863069,-0.4154642667738976,0.2360862904919939,-0.0744934811992416,0.709244259961871
2005-Q2,-0.1635099812785647,1.0541255792812854,0.3783278437415049,1.4151928563923153,1.3517907398021904,-0.1700948524455005,0.7894515320198706,0.6184636510257042,-0.1056829597943318,0.9915607066080564,-0.3731873024872589,0.0303648532185453,-0.1925099210934166,0.1577558131658292,-0.3369686306447164,0.2503371512534536,-0.2991953090596606,-0.1888226832264847,-0.4419499114315002,-0.5035015460518331,-0.8281308764560106,-0.9092566124945112,0.0914499513280536,-0.1888245589279575,0.7534111045139632
2005-Q3,0.2959100570909515,-0.6860598131737122,-0.6642650171649065,-0.885064038207974,-0.3129456281984062,-0.1860481412923659,1.5175310872954106,-1.0772312429645503,0.1986207532684209,0.0482383617843044,0.007295388579769,-0.4315328173150863,-0.2975955210086404,-0.1412987692496187,0.4776685265515253,-0.0573388027823661,-0.0299703198635052,-0.0548227478056113,-0.8633930566442021,-0.9022167320844492,-0.4001822598893884,1.0029064256893616,0.2155151075313955,-0.0548324253479999,-0.1751758819525081
2005-Q4,-0.3074772349703279,-0.2306679466087341,1.1400917108882764,-0.008429614725671,0.7091387274683423,0.2115492132014839,-0.1658437002049766,-0.8176723477978363,-1.3970721329407605,-0.023575119881535,-0.725662472176256,-0.438150991568768,0.3403265050331047,-0.5899682012570727,-0.2949360922668058,0.0105484957496904,0.4057856118976632,-0.4325141864914447,-0.8004988396270653,-0.0518610800092814,0.5323163667562547,-0.2723416657596572,-0.0244686744399306,-0.4324954205058819,0.4670174967036097
2006-Q1,-0.3742756742190986,0.4834251764297001,-1.004957495613343,-0.6159958047193657,0.058067002184462,0.0552668949384485,0.1994794501316064,-0.9859557607191368,-0.0776358324771252,0.4857556123739576,0.464782572450692,0.1975035830451532,0.3207296007391287,0.5857099377833563,1.0787073155577214,0.0416330143174404,-0.1436565690970003,0.0583626796999441,-0.1618277550143569,0.0138258236183299,-0.1218321172500315,0.1467953060494621,-0.5494863506945495,0.0583544811115293,-0.0387762996751377
2006-Q2,0.2436118299639604,0.3060187883640198,0.6518112148315932,0.2903573583831317,0.6310521717194733,1.318212093889507,1.4840719367602346,0.7904185695046914,0.6977645299069419,0.0775123577879845,0.684732660814638,0.6361852961754485,-0.7742164953336492,-0.6337377306914233,0.1033711957988954,0.4525477744343871,0.7115278020146707,1.223880517725947,-0.3141550989975486,0.5629520642730842,0.79340226970929,-0.2864244657409839,-0.1701045883797942,1.223876089827678,-0.9366544577831204
2006-Q3,0.780468591877199,-0.3487546205139443,-0.3151695693754713,0.037252145931103,0.251423782013481,-0.8289486949406458,-0.5306792694866967,1.5041214663427285,-0.0696636104669234,-0.8871355461731864,-0.1473065607528447,0.1638110020580691,-0.6671261901236303,0.6810542998363932,-0.2521231377770697,0.4619748431141501,0.2231771358599696,-0.0963257587155048,-0.396323621137606,0.1601277146661978,-1.001052018026957,-0.6672342605540368,0.3930767133222292,-0.096318039279378,0.7359749247241432
2006-Q4,-0.3319388083175542,-0.0028460954930409,0.1135061637571464,-0.2880878195183743,0.4033586735676994,0.762674022754786,-2.2843701468833917,0.9273778722961804,1.2169531739285322,1.7552702761741787,0.0164013762175939,-0.678784846288873,-0.5951618506414453,-0.3977858024956616,1.5682712497427298,0.2816945586514129,-0.0759406446549379,-1.247268583710002,-0.3664353157682141,0.0309391821468004,-0.3628384334975345,1.3120469700959154,0.3836915632756629,-1.2472679288235708,-0.2529365689451391
2007-Q1,0.2813567560364539,0.4580012347639557,-0.1224312512035434,1.088867093931743,0.2966778165071823,0.1726322592755324,0.1921089576683362,-0.5013377137470878,-0.3077631102414542,0.6318669426301176,1.15731561465005,0.1075625358242864,0.3328233878086269,-0.5330346302603775,-0.1757579593763039,0.1473340218892875,0.3227714082126583,-1.0815591678167171,-0.3422907920888011,0.0027661538007578,-0.2926987348430853,-0.3431044044841785,0.0954675867613606,-1.0815575085716578,-0.3741542662675888
2007-Q2,-0.4322409171098235,-0.4452037757297646,-0.5534124053559116,0.0697905043467202,0.0239220084002792,1.10246026916586,1.1637246872337847,-0.2689924067465181,-0.5834797054339572,-1.044360059730722,-0.3483913451612615,0.51545783978487,-1.050865743816871,-1.035330160846128,1.2865124327622903,0.1630189276071288,0.325108551769295,0.7002861668927483,-0.0382982287928788,0.8670993465026525,0.2229750216124819,-0.0169098988314654,1.002287568099585,0.7002714248414378,-0.5910298298397672
2007-Q3,0.2504318072286665,0.2296042757748237,1.0277072721232268,-1.154359444063956,0.0636015400951334,0.0348267994021344,-0.8623083676247378,0.4711691378264216,1.0070510571691391,1.2108481484060507,1.0172175641491243,-0.3025553583437234,-0.2255377282599476,1.2705038195630978,-0.1339465360050454,0.4435920591886131,0.1585170196524131,-0.4273965335058086,-0.4601542873670342,1.171830363074427,1.1145223013218215,-0.7977791768839961,0.3173993939230279,-0.4273790937346041,-0.0879704127883938
2007-Q4,-0.7500698172618966,-0.3222445898446705,-0.1400871803514729,0.6047638051479537,0.9041045316810772,1.1423361965806842,1.2398270198831685,-0.2557700601994976,0.300307178181125,-0.7022358359429719,0.2200100487255044,-0.1120940589859917,0.6140198720623948,-0.5767361011574349,0.5337183132945164,0.5574363175345164,0.2353433259922297,0.1441153298797093,-0.0848504470123794,0.7440724243418747,0.3595888783055502,0.8660257791441728,0.6763437192567978,0.1440968060543478,-0.4661194027514813
2008-Q1,0.7542031928097391,-0.1875962213185007,-0.0417284865242702,0.1350941372307575,1.4239714141231836,1.674868739139196,1.1477705350872804,1.2495653221207783,1.8082628812225527,0.8053425068271215,-0.8210817201116963,0.1441939297116742,-1.1301868251358678,2.0482613761417845,-0.1508030939802875,0.7126046275996493,0.0951675045529263,0.7469184647233686,0.0907032039064757,-0.3393627925199469,-0.5861669181390532,-2.5231213888570316,-0.147650815702812,0.7469277271607966,0.418365081347709
2008-Q2,-0.4564206437403375,-0.2810381879347999,-0.438890457072226,0.0072010710900823,2.097823350619619,0.8376582124119212,1.1448867321648923,0.278998006751082,0.7151853685162415,0.9276981678272596,-0.8783875516508011,-0.0401865005212001,0.8454315804596542,-1.5840980905751765,1.5235192628698693,0.4341649905088514,0.3327727544745592,0.924149907626926,0.9378022753205858,-1.368958498186533,-1.0379866597213538,1.572841125166175,0.6790189969431686,0.9241424640208434,0.9358283063084072
2008-Q3,0.0946196044485899,-0.1202439701091777,0.8083738766381953,-0.5773146801004664,1.023620361998058,-0.5301231417537053,0.2771603467384776,-0.2868871736852637,-1.3829315647524434,0.1076922828804395,-0.6284926412953905,-0.1915033446575124,-0.2498294551217284,1.228719101507895,-0.8109429428553887,-0.4571643531628657,-0.4900279997839464,0.2827995659619199,0.0513428836037448,-1.6718562274988205,-1.2493315084062149,-1.1290952642197691,-0.870586409633699,0.282800721453923,2.1455196666597187
2008-Q4,-0.9696617161144684,-0.0326254596789153,-0.1124120202697375,-0.503201328935825,-3.097782846596809,-4.236514132810793,-3.4369031249741098,-2.5728413440286193,-3.4579205260849317,0.413064878853103,0.1022301461243762,-0.5090395667906347,1.3687236177747577,-0.7050215397667278,-0.0139183943676887,-3.2753741309406177,-1.986119907871945,-1.536220690507325,-0.6082758169471343,-1.5672443838480885,-3.210389418246716,-0.9730402049546268,-5.119339758231397,-1.5362106870559356,1.2895097023421471
2009-Q1,1.2653502934903933,0.3847410383819459,-0.7227328756742845,-0.352086505617415,-1.7865586565608575,-2.4516958526935837,-1.288979286130553,-0.9173900554633002,-2.678667164682779,-1.1581487455429855,0.1163352677219201,-0.2346470648933947,3.8496719299435647,-1.408287268071275,-1.7691734634143446,-2.292980544226175,-1.113625892060197,-0.937250715563984,-0.901150998838051,-0.5743759916515807,0.5431653351645194,1.0134310222058691,-0.0252884457166853,-0.9372458934061092,1.55285691399596
2009-Q2,-0.1733924595665659,0.6118122236193999,0.329014891806971,0.584894406662821,-2.640459899276834,0.0821943994293867,0.2808881333636486,-0.0050105241502558,0.4772990779567202,-1.275740914767065,0.8605322141030494,0.1194784838629863,1.5975264257454462,-0.8160058798331757,-1.9216399826809476,-0.121914223238735,1.6193253131625402,-0.4424689822720957,-0.1523768067804644,1.1128923020314518,0.0608467736758604,2.272688293069275,2.7089657520660246,-0.4424739318109695,-4.107914738611846
2009-Q3,-0.3745236916131426,-0.6515185742990515,-0.2955912066801634,0.2865042394589261,0.8369218254989281,1.4409510238950616,1.0015860957533145,0.4821592823947679,-0.1833221075822545,0.5307834442522118,-1.1521925911802278,0.1966465291633853,-0.0564199200173763,-0.3028468354875377,0.5844550619251987,0.186233084231046,0.9152966155548528,-0.0285710535137756,-0.062308463870967,1.5250056443468478,2.6365447599617347,0.3759317674474562,1.6363641359770391,-0.0285764631564774,-0.226127240896115
2009-Q4,0.2060417652799743,0.3050398784451245,0.1411973135284284,1.0931720290460996,1.5932144228154983,2.1887481223804737,-0.4057007824132774,1.6159966419664735,2.1292245432336414,-0.1748799028509737,0.111344314907509,0.3672751651391358,-0.3293552470457744,-0.337489532371675,0.1125885311560988,0.9526661719336216,0.0857053882279749,-0.3655959985821127,-0.4684639667840635,1.5237473793684453,1.08501553201051,-0.1707958035323069,1.6974233136773107,-0.3655917745842205,-1.162663311969366
2010-Q1,-0.0641765977934526,-0.2781460122267128,0.3506015575332667,-1.2640596263697752,1.2344808185101923,-0.1801733616525461,0.9741615698188928,0.9048889076768272,0.5001124136886297,-0.0267888656521294,-0.6599311267304799,0.0731465531010858,-0.703065254941608,-0.4831939707847775,0.4674699069242459,0.4414585646979407,0.2208731308922479,0.213113304452772,-0.2483802445231519,0.901268939661631,0.5247556263098576,-1.2564198596805325,0.0720845975959643,0.2131124200171842,0.8565201953415441
2010-Q2,0.2474377013323782,0.5434218851216784,0.0627020321898721,0.0441584496277881,1.8735615138274588,-0.0402813178702554,0.0614366842136688,-0.3340424111771138,-0.5360302224755735,0.7338935443317546,0.208252553670406,-0.1697678576562661,-0.1339523768997719,0.3279380714301049,1.3580065796019152,0.8615647167776608,-0.034007104374392,-0.1765266782894504,0.0443692654177036,0.1232231747545538,0.1696262130081694,-0.3985532740104202,-0.1983928448613692,-0.1765251428592852,2.7265861766132966
2010-Q3,-0.1191990268766671,-0.3573154664052685,-0.5759340820120352,0.1685376850239544,0.5275463152000913,-0.0914236004601521,-0.5243034828434081,-0.7028234613889283,-0.6041390476444141,-1.031628729587957,-0.0996988820121891,0.4996766692684301,-0.5499666313726306,0.7839060398718395,0.8597644101023089,0.103510556566115,-0.7302602721347358,-0.3454928800539156,0.20215411028699,-0.7178993530884447,-1.1120637174822596,0.0469775367583653,0.2776970117054379,-0.3454891196362394,0.0350876419380366
2010-Q4,-0.028675590988196,-0.0284770121004315,0.7536436866059266,-0.2479643391428139,1.2288876086558782,1.2127394952558797,0.3033382265808977,-0.8766487786319324,-0.4461351523050635,0.2594922953825453,-0.9672785509158904,-0.0284039119907436,-0.0057204531254227,-1.381350958062152,0.8811092661521793,0.2173548149120182,0.6015713546540121,-0.5283682205975869,-1.2512188944255926,-0.4934134670867865,-1.166640604852752,1.0798358114838666,1.5735652577440884,-0.5283672690962838,-0.4089679583447361
2011-Q1,-0.6355676197159918,-0.1326938543849428,0.0639569353225791,0.9670193525206632,0.2789421283293675,0.266734291631114,1.5087204810629469,-1.858299100247047,-0.9973603013700708,0.1809916819718573,-0.7265437646470991,-0.548580706403827,-0.3342772708863568,0.3860788533362613,1.2156542696290842,0.0370373183360461,0.3857393909218592,0.874581594241166,-0.3610723515626844,-1.1495906423893238,-1.1380553105815436,-0.6104348987266549,0.1613057299176402,0.8745810285954128,-0.0427530808954601
2011-Q2,1.2289473086080822,0.1580756530084602,-0.2978535110844626,-0.9099691428637748,1.177750866128728,1.2760788438798136,0.2257618456362777,1.8408114103889113,1.6191677488809502,0.5577856175274666,-0.256692595143512,-0.3109209212601339,-0.0097985186002984,0.7673952391910178,-0.602079609113366,0.1859974075140589,-0.3341501857846674,0.2072397513866329,-0.0626797326086214,-1.202047362069702,-0.740540076860218,-0.3854293732957368,0.7904077755710323,0.2072354650638342,0.1936611989010579
2011-Q3,-0.0411117756690779,-0.1643458538303885,0.1646416334557216,1.8238541962756032,0.83509768953154,0.5007262757350491,0.0642899549770195,0.8552359602761204,0.6030132494204928,2.213522973880888,0.1759388762809506,0.2553575587622006,1.054655539338322,-1.0346403394174075,-0.6467187982552356,-0.0849129786706636,-1.2916297605854752,-0.5097040184422723,-0.3539875072695033,-1.162061330798695,-1.0253066544792135,-0.7982420605147607,-0.3048321077334453,-0.5097181774488329,0.5293278791985605
2011-Q4,-0.3375426034944942,-0.1804093636715271,-0.1655088422597464,-1.9755941883413328,-0.9557276601750396,-0.3012652237759637,0.0687956078251622,0.2926371093676528,-0.7588456982174814,-0.7919091402536469,-0.1022581159216741,-0.1041661881174849,0.1747284222721743,-0.2679505527968908,-0.6104361283550771,-0.3479157907983434,-0.9803295098795448,-1.095965286610448,-0.6683644474505627,-1.2286931791901865,-1.175790721879937,1.017747499373313,-0.0888478371848935,-1.0959616763173603,-0.1237525751999325
2012-Q1,0.1497732407826326,0.5531067526715897,-0.1908790685783075,1.0436484463764923,-1.0509057719159258,0.2135311891510384,0.4202053667408662,-0.1283795155283422,0.0746988033453758,0.9726576737689064,-0.090999180135717,0.239134513792715,-0.0861542859570721,-0.4476782657288641,0.4951062589373547,-0.229513048584282,-0.2098895804695177,-0.9522679894350616,-0.4204238714045488,-0.1175144414337363,0.4864271759618454,0.096674698888134,0.8856664215945114,-0.9522635034195128,-2.1288937774957932
2012-Q2,-0.12379157211061,-0.3355028973427553,0.253490461964408,-0.0321781824813473,-0.5722030674855485,-0.6650241909482536,-0.1804405389074694,-0.4735104529405555,-2.1707567227738696,0.0677075465743465,0.555894587408283,0.1064120755102688,-0.0780579850756593,-0.7392141596709061,-1.142025383330873,-0.7147590048374205,-1.572166498585902,-0.3577797681760798,-0.3601582020129818,-0.7852035586620778,-0.8127077463187055,-0.2592832165804015,-0.8250178777912747,-0.3577812809238832,0.8889998626059015
2012-Q3,-0.2581693864571701,-0.2194049896086791,-0.7882205228297998,-0.8280921434557912,-0.8469125426236123,-0.0374280150527422,0.7271167517228999,1.3631415163220748,0.4391458992471508,0.0277844268599378,-0.7008927458346215,-0.3637193148147206,0.7337849993173565,-1.0300488831053245,-1.8575487353441509,-0.2825279058702291,-0.73523709688121,0.5628006837255844,-0.018050453470111,-0.5966587791822978,0.7228305626419286,0.3719181294606016,0.8329918466206917,0.5628106308696181,-0.4674087629776299
2012-Q4,-0.2538349004274138,-0.1139877486625416,0.5111485903392424,-0.0852627838794715,-0.2197411919166809,-0.2044748559270075,0.1955265435093254,-0.0127286466576127,-0.5304252653780058,0.2677899484017764,-0.8261674118584055,0.0744650117528351,0.4850738648806805,0.7603343479917425,0.1543486430881095,-0.5179565421095863,0.2251186281346652,-0.8282216100657533,-0.8656065337713797,0.0839686692954297,-0.1464142653118454,0.6429245437204271,-0.1831601340960271,-0.8282266126151598,-0.4659116294069898
2013-Q1,0.2580219792615268,0.2676592149520208,0.4774471982125178,-0.4374818949589678,-0.024323507592314,-0.7641329105500871,0.1834438522708132,-0.8224702346973841,-0.4810117061264618,-1.1203603645779532,0.4619283263166702,0.2436701406171342,0.5820777844241326,1.0166607841932782,-0.3845405990120161,-0.1789603927890416,1.0883299555928758,-0.5549343476856566,-0.3046420738126882,-0.0580520782403771,-0.2715596282129141,0.1446485282516064,0.0870224637911273,-0.5549355156887593,1.2772595473985462
2013-Q2,0.0125975734396152,-0.0262707675816088,-0.5093448058117229,0.0295411819845295,-0.4962345827399999,-1.567469982934985,-0.7440824750579277,0.5086376905167078,-0.7343165341217771,0.2537851937372432,-0.4454721138964043,-0.2312456294399477,0.5967584081830992,0.1940476574925751,-0.6118311518894898,-0.0162132156668886,-0.3099614345880015,-0.5097322643783706,-0.1656407213175054,0.4094530151434077,0.5247778179254142,-0.9978637508563694,-0.9309705010833194,-0.5097366910187222,-0.2674436644819434
2013-Q3,0.1496271625632367,0.0996880489990544,0.3845622349402353,0.8313536897910081,-0.7146469852967224,-0.0723619339746758,1.151052359828653,0.7456147864400635,0.3561151730319458,0.4396151027320748,0.1144200221960369,-0.3369314826479885,0.4643753141192256,-1.0250221535957162,-0.7724082941993823,-0.2871236018516094,1.5526838097262914,0.2603265442718459,-0.0688052755484209,0.6495668899987243,0.6535652088188502,0.2958749437641044,-1.6162914415913858,0.2603304650337414,-0.0170544630056636
2013-Q4,-0.1586232964551079,-0.2623333698586515,0.2207794529978455,-0.7110683735910917,0.2899984330831482,-0.3474004862048205,-0.3126290861735543,0.543991871961429,0.2427000466369826,0.1363864842113751,0.1052630555453456,-0.0790521712328416,0.528469199211945,1.4240240895961092,0.0917543409187825,-0.0721740319152406,0.63669278243801,-0.0490720874279544,-0.140824599520951,0.8964835775976582,0.4856817120956568,0.3861925182930451,0.2621518940039912,-0.0490736931632996,1.1324414956110471
2014-Q1,0.2031854577863839,0.2442980167869192,-1.1240480581382062,0.3260461983772363,-0.1851879709503213,-0.0563264196030147,0.5102833239916015,0.6789331390970014,-1.4983797159374408,0.5094626625247746,0.4574651593335148,0.4386592838176827,0.3693324101679585,-0.4556260781055751,-0.7237599297461994,0.124355541982358,0.0014735099147806,-0.3107079247730004,-0.4902582351330887,0.2973164911652478,0.2108603219493329,-0.6881730670948929,-0.7754765401088318,-0.3107033078854846,-0.0212502913774953
2014-Q2,-0.0950984904304246,-0.0285501601660676,0.477313514690477,-0.2382806630537322,-1.1710243983476858,0.016209149181915,-0.7232061958824819,0.9346708170965669,0.7750286596960758,-0.0531121673038103,-0.4692325161053446,0.2638358750286678,0.1238414406584909,-0.4510063436715655,-0.5022409456058865,0.2227629753651432,-0.6910174286698725,-0.398476893443987,-0.0833154062913756,0.146466888674636,-0.1308340690730315,0.2067447697570962,0.8848769415993816,-0.3984783523178926,-0.7349159171976378
2014-Q3,-0.252365657379565,0.0470390847237903,0.6896142283014397,-0.1660019097559458,-0.6729854944284596,-0.6402723389918775,-1.2688164199679022,0.2453702026107138,-0.9991487965102478,-1.4755271083620158,0.1997686273002077,-0.3973249731771886,0.9385516887079832,-1.0223905399016535,-0.4750127070265708,-0.0251689309126614,-0.6954275675000768,-0.6780627475143084,-0.3843129399900388,0.3870075299321651,0.4691079498932273,-0.0553796495850618,0.0585019579453269,-0.6780650000516546,-0.0819597698036443
2014-Q4,-0.1508957402024183,-0.2108706738568523,-0.2287271220290958,0.0990031060401635,-1.3690876719083676,-1.657185691125559,-1.069333733986542,-0.4258355432145652,-0.1286404501750171,-0.1140398354605649,0.354104717464433,0.0186178269196599,0.4049248110841986,2.4940330620555113,-0.2471710601596932,0.1392279832284675,-0.7732579362083793,-0.8416877832285333,-0.2554019793205156,0.1217779970836924,0.0781757727591395,-0.253174068392381,-0.8892984156494466,-0.8416925507899223,0.3908074784814677
2015-Q1,0.6504519930005901,-0.0080059541608076,0.3450809042885116,0.203912882032213,-1.8861617937588,-1.023079531700728,-1.9229943170633377,0.0205559922198206,-0.2399097838407821,-0.9958168686003176,0.0552272179073321,0.6662224557194997,-0.0056835117757408,-1.9172315068418544,-1.3153124001245633,-0.3352140561561431,-2.1339397673334792,-0.83608158285772,0.0593398595651838,0.446216505116397,0.5873413103225968,0.7783576966399444,-1.2668789647237149,-0.8360745481158629,-0.3952942447894278
2015-Q2,-0.5193279772682323,0.2274632529577123,-0.3432172904369568,-0.16365751428095,-1.6563390393782982,0.0320459197005423,1.4218111458114402,-0.6049223690002957,-0.1565854608041553,-0.4923613738249485,-0.0885577554493562,-0.0799420543935765,-0.6035452795183627,-0.5340244383196655,0.0217149350201476,-0.2276152308105961,0.7369519654686497,-0.1535951310055582,-0.7565232143968543,1.297553060540231,0.927286544921233,-0.7444236999394422,-0.1655514125824073,-0.1535909440586234,-2.2141123336152586
2015-Q3,0.4569028938162256,-0.0325612833398988,0.3477875624528919,-0.1715817621029693,-0.3708041123211743,-1.3518005971798517,-0.6611193436782454,1.4988001198157537,-0.4457021238421623,-0.1050982525416803,0.4399696945790531,-0.2941422960117319,0.6598637956014491,-1.0233487700842507,-0.5797502997107955,-0.0113818429685065,0.3483677663500127,-0.6849603776588962,-0.4822385170193916,0.6555018430753117,0.7375034071889979,-0.6774573398454226,-0.9745243879719367,-0.6849216663591123,0.3979890033724795
2015-Q4,-0.3897853630302225,-0.2631354299435995,-0.1637229730540487,0.1336636795938111,-1.3320483036433293,-0.5710157869394742,-1.173174916868154,-0.4031524759887987,-0.9758743729417864,-0.1355661516586223,-0.2565322029251157,0.7175232200114734,-1.06093793800393,-0.8148220557918824,-0.1776563873749845,0.1300365912657063,0.067125151433471,-0.5933738429396961,-0.0242735164401409,-0.7094786618606091,0.1231286744727303,0.6389196432620676,0.2602054776201217,-0.593386725023163,-0.3408279472453166
2016-Q1,0.4244696887681683,0.2455546866411048,0.1851219586323391,0.4146540722361929,-1.1863405027866591,-0.9899628722954672,-1.433404990036495,0.8278272457662517,-0.6273765301946843,-0.7012861017402983,0.0842779606763582,-0.917117335116326,0.0320375854894371,-0.449713536343603,-0.7155941454258035,0.1427383259079072,-0.698933795405708,-1.3458600697899354,-0.6734808474351475,-0.0959126330200941,-0.0926161219388883,-0.3706971430043979,0.0447446355783232,-1.3459187154065284,0.8513854146219668
2016-Q2,-0.080336691931334,-0.0312110518990464,0.177960192411838,-0.3873287319926737,1.0907451689849348,-0.1384349312716094,0.3997140599093327,-0.9209541220025548,0.430940626939555,-0.8266154932101182,-0.5628027129033228,0.1634661859076248,-0.3727939687667593,-0.6885016021834875,-1.5884279034620763,-0.1494883991270595,-1.0941247949534163,-0.5434204607599934,-0.6268308706695406,0.2118671698414629,0.0852649796285181,0.905525300409666,0.3423564108150708,-0.5434380824356998,-0.14735384177288
2016-Q3,-0.6739716869828306,-0.1037524363424043,-0.0131336419751014,-0.2312894861206799,0.9021020389748916,0.0992915617014478,-0.2665183937264427,-0.8973226041112725,-0.2751773119431221,-1.1052468755759712,-0.5221931959505323,-0.3249653467388442,0.003633464289072,-1.0223769392010769,0.1832193439550124,-0.3468676496096103,-1.3908642558208482,-0.3137250027069556,-0.579434969800341,0.3685923867219365,0.379028934307966,-0.0192152770655451,0.5334965375772776,-0.3136243144081044,1.134964283005227
2016-Q4,0.7450300731780707,-0.047182106256821,-0.7921239720820338,1.1813000728058582,2.478088489169881,-0.1778209367322062,0.6527276468003893,0.1070005975412212,-0.2648295086440325,-0.2861167706179306,0.0407655764516692,0.1875943174950485,0.3980886612661088,-1.920344069540765,-1.9103884332950152,-0.0537912479897054,2.479362752624423,-0.3512417492124957,-0.6346762410181743,1.1357914509679896,1.1224463885359353,-0.1464526761390088,0.5730924890861825,-0.3513294670899246,2.3348114002746434
2017-Q1,-0.4275863754876769,0.0234712803966708,0.7234890899245673,-0.5550930390807568,0.013097232895803,0.2787545440825436,0.8545442114527595,-0.807751779867629,-1.036793285116436,0.1333715057827624,-0.4662193521043626,0.1145350634970291,0.4372357819145373,-0.4481630470416802,0.0074459420247493,0.0921856701126674,0.8876035993320762,-0.4736255423989338,-0.6663470982891461,0.7380786068065722,0.639595770039003,0.2418266823921117,0.3011895735885914,-0.4735437422547418,-1.026257693932692
2017-Q2,0.3222355472389592,0.1418270037262758,-0.2302658022052492,0.0628570052136042,-0.995124886001251,0.9837371032454368,-0.5926906930968543,0.6420629933916518,1.5129429150637606,0.256076943405061,0.2739205386771245,0.9579357879495102,-0.7610320543093129,-1.479375637071808,-0.20072788832765,0.0848920959235918,-0.9559699337661856,-0.8025216941800595,-0.4920603636795197,0.1462229360471673,0.4313887321280528,-0.4497315275273089,-0.6150266368472967,-0.8025978656629598,-0.6639381502782203
2017-Q3,0.0813706268545076,-0.1069768095967281,-0.3411657583075858,0.5024052752354435,0.8073987249022677,2.890578530957675,0.4042234024886634,0.3249453417438308,0.4188064746519063,0.6286748475648496,-0.2384609817553353,-0.3210754161819626,-0.111332686945721,0.6899529825737583,-0.080446510299782,-0.0113818429685059,0.8151846051176157,-0.4520671900310052,-0.2814938046834602,-0.3565581273246171,-0.1385864041486323,-0.2406237736580266,0.7405651940545971,-0.4520637736070626,0.0770122165739298
2017-Q4,-0.5361978507204114,0.0415706354240902,0.7719236792256187,-0.8513168577098799,-0.6544510781068791,-3.0375377788108016,1.0895191003516502,-0.2659072450789014,-0.9089466978695272,-0.2764044919260796,-0.3202154136199482,-0.1766447455100217,-0.0347894498587525,-0.3804202585961728,0.4272230622807062,0.0427183676193804,-0.048183743034398,-0.2433326294343772,-0.90539060592621,-0.490137435535771,-0.6577535398237984,0.8353524157518551,-0.5133218702590311,-0.2433235307205191,-0.7176098729211917
2018-Q1,0.6800082086520278,-0.0337290817362074,-0.2454650040137507,0.5187007610017018,1.1719478896142854,0.8916060294559922,0.2916960703291207,1.4967145511902842,0.8616544482895,-0.4371624291361545,-0.2257950637165278,-0.3311368260517197,0.3798515965225325,-0.4414710134983817,-0.4378854508942675,0.1978866776845282,0.5216555310381465,-0.4859488262209722,-0.6152799170366675,-0.7054078457360661,-0.4858343944796621,-0.7002007733739477,-0.3334561888221674,-0.4859994554999458,0.3549400920358316
2018-Q2,-0.107879790447572,0.1211461819731451,-0.504499804727106,-0.5359583179194951,-0.4149057560229685,-0.626667696351656,0.3360996290907773,-0.0154208196045621,0.153081453397733,0.4950512755000307,-0.0041105023399251,0.1042729589778083,-0.3802545397874355,0.350333439494867,-1.3009623899666376,0.4203779025646959,-0.1741742551177669,-0.5668071813830187,-0.5435854144519136,-0.9782405010806,-0.7800965699762601,0.0219116585718064,-0.5991683740248739,-0.5666936882641542,-0.3075224257426488
2018-Q3,-0.448087937715696,-0.3871272936503088,0.5030839335190752,0.3036727952300388,0.1954862190627151,-0.8972768160229639,-0.1592054391203689,-0.6168650453424792,-0.4099250706248096,-0.7848651095913679,-0.3102958884374138,0.1871692074887134,-0.8806147985921357,0.1915593685014073,0.3833902182961556,-0.0481474108195909,-0.1928501974348498,-0.7069597198221604,-0.753391599328567,-1.176605461393132,-0.8606687319209215,0.4419514727779841,0.1197520669190456,-0.707013921286241,1.067431546705161
2018-Q4,-0.2239866232989652,-0.0322474597552611,0.3222002580105123,-0.6914458456579811,0.1929290527262514,-0.1786001911876106,-0.423010943092397,0.0655463385470429,-0.6429393844932525,-0.4466815622304032,-0.9509751757869912,-0.0391637033590566,-0.4602138471004889,-0.8705073165254793,0.693459489249541,0.0013571037869151,-0.0238267773769219,-0.3797950033992637,-0.3261499445163584,-2.0761266602462105,-1.7309660420013069,-1.046290110398152,-0.0228109671064836,-0.3797500883408034,0.6965024633448929
2019-Q1,0.5671672216567935,0.1395453561925603,-0.3584967427682026,0.4510764560144056,-0.3570496665565267,-0.6010573612900599,-1.4733439226330114,0.0964451749145559,-0.4820476919094925,-0.2820840025904139,-0.3717480709404782,-0.1119835862728736,0.1857509794360511,-0.4371022145574448,0.1908085407314446,0.0462287102988213,-1.8413578918938396,-1.0956122462519746,-0.8852847407719527,-1.7488307804259786,-1.3101189300832523,1.000048684244948,-0.6368884495630449,-1.0956109768400897,0.4174797822901996
2019-Q2,-0.2088430643803926,0.0990649926290442,0.8779086303665214,-0.3971263731422992,0.3553467462823103,-0.5370171132593723,0.8188499047960092,0.1400006792256977,-0.4149428586601524,-0.6709905010916897,-0.6541206270342197,0.1144456656149629,0.7424251956550162,0.9549654536513816,-0.2154190333580139,-0.4757828138053889,-2.5967945932238283,-0.2164781645273985,-0.3589081244488218,-1.095520958933523,-0.3563779120426791,0.2318540313494997,-0.2130677640781766,-0.2164745067092624,1.3788030450469662
2019-Q3,0.0316700804582751,-0.3661275202462729,-0.7480791735944979,0.8885825257794494,-0.0353262815279432,-0.879604598147772,-0.6766488896927442,0.1658758062193033,-0.4708136977986206,-0.0898156648715884,-0.3820970834801801,-0.074952518484604,0.2265627966643045,0.1953964845770099,0.0117407209582664,-0.6272051044741078,-3.309984246290216,-0.5950278679732591,-0.3289878751974704,0.7616656448380051,0.0164476016324685,-0.1990281669158561,-0.1828358294504884,-0.5951168971449785,1.1355903641663183
2019-Q4,-0.1350945356996774,0.1339737708443193,0.1561614484971678,-0.5902591904428278,-1.1793907779932742,0.0022654684072813,0.3391623519353023,-0.1473621257707844,0.7355289806839949,-0.9368185366436492,-0.647844022212298,-0.513464764345614,-0.2139542604201934,-1.208150549939474,0.1925562860156486,-0.1640879515429372,0.2399499000375939,-0.1565996473164461,-0.460873766041567,0.8598787988203359,1.16647173640891,-0.0643824919133026,0.1001934471712343,-0.1564993294718786,-1.2499140812263103
2020-Q1,-0.3740368821881389,-0.6226367662913643,0.3068034819740197,0.1048713991930888,-1.4647053514293589,-2.11010223177403,-0.8900176421102011,-0.6086818242200228,0.6580115714567383,-0.36101095959068,0.4075173350612279,0.1301155300735973,0.2458043049592993,-0.4321232357946643,0.0445965818777508,-0.1146206490496559,-0.9794155738537152,-0.6262850250752503,-0.6803149676285478,0.3093489798367544,0.0001610339776535,-0.8987714301830092,-0.9685684038146688,-0.6262988804195238,0.7439567272208505
2020-Q2,-4.7473887863784014,-4.85289836829357,-0.1236652044709129,-1.2973898054741744,-1.2620802523524473,-0.750032361682294,-3.121068732557851,-2.2094087742485704,-4.2046682122426935,-2.9179203948805505,-3.4949646310381484,-6.260939764451086,5.9372048058653295,1.522210035745556,3.73413834884098,-0.7469288767071077,-1.5019710054099196,-3.6587412096469767,-3.171084068890983,-1.1510848599657415,-2.087125276041912,-1.0624201779088829,0.2055524020746428,-3.6587229457095622,1.9861719069381123
2020-Q3,7.419432414036982,8.697123178814351,0.1863523410563519,1.8055425692423113,0.3693748937883859,1.359647918476292,0.4773983355249296,-0.2065343856742685,2.193477683709495,0.819904814493339,4.180674468600659,8.44873629386249,0.5517975861187729,0.8031401444045266,-1.8580880410519225,-0.0021904510057401,0.6025422123515429,0.8277431823868134,1.049196999446486,0.0769188156684743,-0.9605564951455584,2.433666512987259,1.55406589928519,0.8277360406426238,-1.2601517441541312
2020-Q4,-0.2130293063533889,-1.3672690140693142,-0.5469305859340126,0.6473377306072787,2.0055000393425813,1.509241154764316,-0.9754919271068498,-0.5955563150089667,0.4997121826606375,-0.0473405504266786,0.6988836661930191,-0.2422135719895251,-0.7386641316318596,-0.2962634471037829,-1.5702152726530865,-0.0721740319152409,-0.2003486749767774,0.0705728336555332,0.6855025777072811,0.4101253049563732,1.5349958265918011,0.0899106776980372,0.0858820781396639,0.0704755125163515,0.962924279791824
2021-Q1,-0.6618506052302032,-1.294977806549703,-0.3738409377704709,0.2080151295755118,1.9695915987204435,1.040220380301813,0.7708914528497546,0.1142060718643982,1.0386066134508178,1.1520842052581926,-0.8083732464515072,-0.8964253335773834,-2.556936501106775,-0.4295038298469251,-0.6351067660692072,0.032441622354666,4.187229079923093,-0.2821390301956312,-0.593700107963194,1.9233233573975217,1.0188282126306851,-0.3467159042400047,0.9424526435398944,-0.2821320671356839,0.6121156848906154
2021-Q2,-0.9297526416487358,-0.0550943606338555,0.6293405860489512,-0.7162741891549871,1.1493615990684878,0.1231118593219409,0.866793120064205,-0.5117578272476161,0.4713200252336826,0.2339114359312831,-0.2713502708791124,-0.0836825091714211,-2.6914149343205014,-1.103575691616646,-0.5104663918721012,0.1722103195699033,1.4331960758526932,-0.0158352878587303,-0.5661367484534645,2.1280988593276273,2.4529552776236483,-0.0863415299875035,-0.0325471622681875,-0.0157765313171306,0.1867355164995012
2021-Q3,-2.0382533945913046,-2.6706210802449912,0.8208768975613217,-0.4307608167783767,0.3976736097141805,-1.2136015990947202,0.5405689459089817,-0.7343365831065283,-1.1254859798002534,-0.9813895183597802,-3.5360533860705408,-1.7887734906021584,-2.131536842530058,-0.5635038203778054,1.8055596798204867,0.0024052449756443,-2.283364399453118,-0.269852636432985,-0.3923510452498959,2.1938369273136074,-0.1422340275670587,-0.0395351874387591,-0.7627844988962943,-0.2699185403792135,0.4898049416497667
2021-Q4,3.8104384283974255,4.805368135085514,-1.0006531114234614,-0.1756582656278479,-0.7020582995941931,1.2959761053465175,0.8051126294778849,-0.9574642483465582,1.271399198656426,0.4337476071617319,4.65767683719206,1.4475245239582986,0.2129508219965518,-1.6552765302146295,-1.256615931478413,0.0565054555635406,3.1464120365431905,0.7137207500836822,0.5675874379179305,0.9553667736551974,1.9262007594312665,-0.3260330455707023,0.148672816183958,0.7137884820572566,-3.458716580662363
2022-Q1,-1.7367738027351394,-1.6732459572695233,0.6760098261097174,0.2497274752902655,1.419432454002384,1.7161135112198826,1.344085211959659,-0.6696112069840635,0.1884078662073299,0.0259537548002006,0.2660027994239169,1.6117627035972684,-2.7847376316385652,-0.4289354018169313,0.1827495231840098,0.1381426299265217,2.295230201661062,1.8031056680794788,1.01909509994471,-0.1960664520171861,-0.1390623289985035,-0.4309562136695037,-0.1873420761211303,1.803074629501681,-0.5216982960473483
2022-Q2,0.0874587039444712,-0.0833868702477927,-1.4098106345588195,-0.165003674560231,1.8085761774426976,0.1426627795885386,0.2396937641025143,-0.8769494925204147,-0.6700739563214994,-0.1688020022026516,0.1253589097997876,-0.9861534257515164,-1.3646751598995277,-0.5578972562841654,0.4371974445583449,1.3854740586555534,4.128948008909722,1.3468629373463086,1.235046553702015,-1.8527810643057407,-0.6731486786286225,0.0737187325974417,0.6948216527300348,1.34684418640027,1.8118801150843236
2022-Q3,-0.5318285629747057,-0.5703389114930777,0.2795734315899274,-0.0725655248494806,-1.2780738531803668,-0.6044213817985324,-0.3198177525485093,-0.0197731108388021,-0.1265939170085162,-0.0786308339260132,-0.5471315007916998,-0.3739279595477313,-1.448123305306833,-0.5580366290000351,1.4600403574646166,1.9325975571573704,0.5433222195919849,1.1804646784925463,1.1043860113790136,-2.565660952766693,-1.8545168295801528,-0.3068900767575442,-0.0862127845449117,1.180528580581283,-2.355791491765065
2022-Q4,0.1520062758828426,-0.0704977319443879,0.3834509307906323,-0.1732234358663065,-0.7164979796343389,-1.0839626449772728,0.9855361636024684,-0.1130376118800129,-0.7925540741368939,-0.2527672116822517,-1.312593358431636,-0.1678646340676587,-0.0873312576747992,0.4353390301486062,0.3744431451512234,0.9480704759522416,0.5985052466012594,1.4285247469743856,1.4715216709446963,-1.5628422039154803,0.243085114153311,1.042453902203057,-0.4323799680419296,1.42844705836975,1.3822576985270962
2023-Q1,-0.0573924292216657,-0.0567197840773645,-0.2495707645103672,0.7262727332272128,-0.2389026709288364,-0.0681291721223779,0.4384419245251312,-0.6966200552768865,0.8233160518514392,0.0865657720937254,-0.4694592733474161,-0.2338016230378823,0.9679176704766416,-0.0641877240261909,0.9779126367708002,0.6298820999347181,-0.2636130429256055,0.7685221307391814,0.5257576463244259,-0.724553190073662,0.1194775826349123,-0.1826720799493557,0.0030147615841509,0.7685203482212847,-0.4417881934339985
2023-Q2,0.0371372823398254,0.0276386726397768,0.2493031614264765,0.2122124915870605,-1.9670097485202929,-0.8176286500352474,-0.591170486323263,0.0244890958543213,0.2805519998854712,0.0687003448862487,-1.1480385606759047,0.568335391011265,-0.09305928374759,1.605302760032329,0.2399838261138034,0.7834378850941248,-0.0571450557346844,0.0647634237565015,0.2045176748366373,0.1350300918898849,0.4912126444438141,-0.4902855550145082,-0.3875713675868028,0.0647541712886898,-0.6805512532400514
2023-Q3,-0.1932395629245553,-0.4584988308490345,0.2758990685965097,-0.6216682618664667,-0.9000263338057134,-0.0863510631395861,0.9785405044796442,-1.0497847148068706,-0.662700680014594,-0.3268285340747595,-0.7089643130169272,-0.6217663949631453,0.3706646811729376,-0.6485349601243855,1.2872055992438929,0.388443707411979,1.5016283792535026,0.3433876667771459,0.1587028010517375,-0.1340311535601547,0.3034075651743678,0.1216918614047129,0.0679277085624941,0.343443694736383,-0.9835793668196172
2023-Q4,-0.3528479900880053,0.0806963240558037,-0.3546130278855029,-0.2722207136388253,0.0266281383309262,-0.8070682854364382,-0.0943253408961939,0.0350439157042331,-0.5415274007988249,0.2121064145426181,-0.768936657717829,0.0979643757042152,1.452955650660108,1.7552633146718226,0.9666769505892034,0.1759935510795524,0.8018505195730722,-0.3007319648473867,-0.2201927305165923,0.0410746903626044,-0.1364455949968993,0.0543458733119493,0.2005036583769122,-0.3007548833781471,1.0403512880561223